<?xml version="1.0" encoding="UTF-8"?>
<catalog xmlns="urn:oasis:names:tc:entity:xmlns:xml:catalog" xmlns:spy="http://www.altova.com/catalog_ext" xmlns:xsi="http://www.w3.org/2001/XMLSchema-instance" xsi:schemaLocation="urn:oasis:names:tc:entity:xmlns:xml:catalog
Catalog.xsd">
	<public publicId="http://xbrl.org/2006/xbrldi" uri="files/xbrldi-2006.xsd"/>
	<uri name="http://www.xbrl.org/2005/xbrldi-2006.xsd" uri="files/xbrldi-2006.xsd"/>
	<public publicId="http://xbrl.org/2005/xbrldt" uri="files/xbrldt-2005.xsd"/>
	<uri name="http://www.xbrl.org/2005/xbrldt-2005.xsd" uri="files/xbrldt-2005.xsd"/>
	<public publicId="http://www.xbrl.org/2003/instance" uri="files/xbrl-instance-2003-12-31.xsd"/>
	<uri name="http://www.xbrl.org/2003/xbrl-instance-2003-12-31.xsd" uri="files/xbrl-instance-2003-12-31.xsd"/>
	<public publicId="http://www.xbrl.org/2003/linkbase" uri="files/xbrl-linkbase-2003-12-31.xsd"/>
	<uri name="http://www.xbrl.org/2003/xbrl-linkbase-2003-12-31.xsd" uri="files/xbrl-linkbase-2003-12-31.xsd"/>
	<public publicId="http://www.xbrl.org/2003/XLink" uri="files/xl-2003-12-31.xsd"/>
	<uri name="http://www.xbrl.org/2003/xl-2003-12-31.xsd" uri="files/xl-2003-12-31.xsd"/>
	<!--<public publicId="http://www.w3.org/1999/xlink" uri="files/xlink-2003-12-31.xsd"/>-->
	<uri name="http://www.xbrl.org/2003/xlink-2003-12-31.xsd" uri="files/xlink-2003-12-31.xsd"/>
	<public publicId="http://www.xbrl.org/2004/ref" uri="files/ref-2004-08-10.xsd"/>
	<uri name="http://www.xbrl.org/2004/ref-2004-08-10.xsd" uri="files/ref-2004-08-10.xsd"/>
	<public publicId="http://www.xbrl.org/2006/ref" uri="files/ref-2006-02-27.xsd"/>
	<uri name="http://www.xbrl.org/2006/ref-2006-02-27.xsd" uri="files/ref-2006-02-27.xsd"/>
</catalog>
